{
    "samples": 500,
    "avg_ms": 15.566713872,
    "median_ms": 15.6103375,
    "max_ms": 16.666859,
    "p95_ms": 15.64759,
    "p99_ms": 15.713977,
    "sleep_interval_s": 0.02,
    "num_pixels": 512
}