{
    "samples_rtt": 500,
    "avg_rtt_ms": 25.581312036,
    "median_rtt_ms": 25.3423965,
    "max_rtt_ms": 27.580106,
    "p95_rtt_ms": 27.338474,
    "p99_rtt_ms": 27.520846,
    "sleep_interval_s": 0.02,
    "uart_port": "/dev/ttyAMA3",
    "baud": 115200,
    "samples_pico": 500,
    "pico_avg_ms": 16.968836,
    "pico_median_ms": 15.625,
    "pico_max_ms": 23.438,
    "pico_p95_ms": 23.438,
    "pico_p99_ms": 23.438
}