{
    "samples": 500,
    "avg_ms": 15.56589086,
    "median_ms": 15.607047,
    "max_ms": 17.818376,
    "p95_ms": 15.633372,
    "p99_ms": 15.720225,
    "sleep_interval_s": 0.02,
    "num_pixels": 512
}