{
    "samples": 500,
    "avg_ms": 17.046086474,
    "median_ms": 17.1412715,
    "max_ms": 17.418941,
    "p95_ms": 17.281869,
    "p99_ms": 17.336482,
    "sleep_interval_s": 0.02,
    "num_pixels": 512
}